{
  "lang":"en",
  "name":"pipeline",
  "version":"0.0.0",
  "spacy_version":">=3.8.4,<3.9.0",
  "description":"",
  "author":"",
  "email":"",
  "url":"",
  "license":"",
  "spacy_git_version":"85cc763",
  "vectors":{
    "width":0,
    "vectors":0,
    "keys":0,
    "name":null,
    "mode":"default"
  },
  "labels":{
    "transformer":[

    ],
    "ner":[
      "ACCOMPLISHMENT",
      "CERTIFICATION",
      "COMPANY",
      "DEGREE",
      "DURATION",
      "EMAIL",
      "EXPERIENCE",
      "EXTRA_SKILLS",
      "GRADES",
      "INSTITUTION",
      "INTERNSHIP",
      "JOB_TITLE",
      "LANGUAGE",
      "LOCATION",
      "NAME",
      "PHONE_NUMBER",
      "PROFICIENCY",
      "PROGRAMMING_LANGUAGE",
      "PROJECT_DESCRIPTION",
      "PROJECT_LINK",
      "PROJECT_TITLE",
      "RESPONSIBILITIES",
      "RESPONSIBLITIES",
      "SOFT_SKILL",
      "SUMMARY",
      "TECHNICAL_SKILL"
    ]
  },
  "pipeline":[
    "transformer",
    "ner"
  ],
  "components":[
    "transformer",
    "ner"
  ],
  "disabled":[

  ],
  "performance":{
    "ents_f":0.5394521523,
    "ents_p":0.5348476298,
    "ents_r":0.5441366442,
    "ents_per_type":{
      "JOB_TITLE":{
        "p":0.8666666667,
        "r":0.8125,
        "f":0.8387096774
      },
      "TECHNICAL_SKILL":{
        "p":0.6668233083,
        "r":0.6962708538,
        "f":0.6812289966
      },
      "SOFT_SKILL":{
        "p":0.4929006085,
        "r":0.5573394495,
        "f":0.5231431647
      },
      "PROGRAMMING_LANGUAGE":{
        "p":0.5742574257,
        "r":0.7631578947,
        "f":0.6553672316
      },
      "EXPERIENCE":{
        "p":0.7218543046,
        "r":0.5940054496,
        "f":0.6517189836
      },
      "DURATION":{
        "p":0.7259259259,
        "r":0.8672566372,
        "f":0.7903225806
      },
      "SUMMARY":{
        "p":0.3421052632,
        "r":0.3023255814,
        "f":0.3209876543
      },
      "RESPONSIBLITIES":{
        "p":0.3441396509,
        "r":0.6052631579,
        "f":0.4387917329
      },
      "RESPONSIBILITIES":{
        "p":0.5913978495,
        "r":0.2332979852,
        "f":0.3346007605
      },
      "DEGREE":{
        "p":0.4548286604,
        "r":0.5104895105,
        "f":0.4810543657
      },
      "INSTITUTION":{
        "p":0.5595238095,
        "r":0.6130434783,
        "f":0.5850622407
      },
      "GRADES":{
        "p":0.61,
        "r":0.6489361702,
        "f":0.6288659794
      },
      "EXTRA_SKILLS":{
        "p":0.2075471698,
        "r":0.1259541985,
        "f":0.1567695962
      },
      "PROJECT_DESCRIPTION":{
        "p":0.1481481481,
        "r":0.1142857143,
        "f":0.1290322581
      },
      "PROJECT_TITLE":{
        "p":0.2619047619,
        "r":0.3793103448,
        "f":0.3098591549
      },
      "CERTIFICATION":{
        "p":0.2612612613,
        "r":0.2164179104,
        "f":0.2367346939
      },
      "NAME":{
        "p":0.8305084746,
        "r":0.8032786885,
        "f":0.8166666667
      },
      "LOCATION":{
        "p":0.198019802,
        "r":0.4545454545,
        "f":0.275862069
      },
      "PHONE_NUMBER":{
        "p":0.7352941176,
        "r":0.8064516129,
        "f":0.7692307692
      },
      "EMAIL":{
        "p":0.8245614035,
        "r":0.9215686275,
        "f":0.8703703704
      },
      "COMPANY":{
        "p":0.5172413793,
        "r":0.447761194,
        "f":0.48
      },
      "PROJECT_LINK":{
        "p":1.0,
        "r":0.0833333333,
        "f":0.1538461538
      },
      "INTERNSHIP":{
        "p":0.6,
        "r":0.3,
        "f":0.4
      },
      "LANGUAGE":{
        "p":0.4038461538,
        "r":0.488372093,
        "f":0.4421052632
      },
      "ACCOMPLISHMENT":{
        "p":0.2740740741,
        "r":0.2551724138,
        "f":0.2642857143
      },
      "PROFICIENCY":{
        "p":0.0,
        "r":0.0,
        "f":0.0
      }
    },
    "transformer_loss":78078.2704844475,
    "ner_loss":19446.0990716611
  }
}